DATE,DEXCHUS
2019-09-13,7.0754
2019-09-16,7.0659
2019-09-17,7.0905
2019-09-18,7.0849
2019-09-19,7.0959
2019-09-20,7.0909
2019-09-23,7.1168
2019-09-24,7.1138
2019-09-25,7.1313
2019-09-26,7.13
2019-09-27,7.1218
2019-09-30,7.1477
2019-10-01,7.1473
2019-10-02,7.1473
2019-10-03,7.1473
2019-10-04,7.1473
2019-10-07,7.1473
2019-10-08,7.1422
2019-10-09,7.1316
2019-10-10,7.1153
2019-10-11,7.0868
2019-10-14,.
2019-10-15,7.0814
2019-10-16,7.092
2019-10-17,7.0766
2019-10-18,7.0805
2019-10-21,7.0748
2019-10-22,7.0761
2019-10-23,7.0624
2019-10-24,7.0684
2019-10-25,7.0647
2019-10-28,7.067
2019-10-29,7.0655
2019-10-30,7.0541
2019-10-31,7.0379
2019-11-01,7.0368
2019-11-04,7.03
2019-11-05,7.0082
2019-11-06,6.9968
2019-11-07,6.9766
2019-11-08,6.9954
2019-11-11,.
2019-11-12,7.0066
2019-11-13,7.0223
2019-11-14,7.0195
2019-11-15,7.0075
2019-11-18,7.0246
2019-11-19,7.0263
2019-11-20,7.0344
2019-11-21,7.0285
2019-11-22,7.0389
2019-11-25,7.0349
2019-11-26,7.0319
2019-11-27,7.028
2019-11-28,.
2019-11-29,7.0308
2019-12-02,7.038
2019-12-03,7.0609
2019-12-04,7.0489
2019-12-05,7.0445
2019-12-06,7.0348
2019-12-09,7.0389
2019-12-10,7.0328
2019-12-11,7.0384
2019-12-12,6.9925
2019-12-13,6.9925
2019-12-16,6.9921
2019-12-17,6.9967
2019-12-18,7.0029
2019-12-19,7.0097
2019-12-20,7.0063
2019-12-23,7.0124
2019-12-24,7.0064
2019-12-25,.
2019-12-26,6.9949
2019-12-27,6.9954
2019-12-30,6.9864
2019-12-31,6.9618
2020-01-01,.
2020-01-02,6.9642
2020-01-03,6.9649
2020-01-06,6.9749
2020-01-07,6.9443
2020-01-08,6.9447
2020-01-09,6.9309
2020-01-10,6.9178
2020-01-13,6.8924
2020-01-14,6.8837
2020-01-15,6.8899
2020-01-16,6.8769
2020-01-17,6.8589
2020-01-20,.
2020-01-21,6.9049
2020-01-22,6.904
2020-01-23,6.9364
2020-01-24,6.9161
2020-01-27,6.9161
2020-01-28,6.9161
2020-01-29,6.9161
2020-01-30,6.9161
2020-01-31,6.9161
2020-02-03,7.0208
2020-02-04,6.9979
2020-02-05,6.972
2020-02-06,6.9694
2020-02-07,7.0003
2020-02-10,6.982
2020-02-11,6.965
2020-02-12,6.9708
2020-02-13,6.9759
2020-02-14,6.9859
2020-02-17,.
2020-02-18,6.9949
2020-02-19,6.9975
2020-02-20,7.0225
2020-02-21,7.0255
2020-02-24,7.0286
2020-02-25,7.0128
2020-02-26,7.0214
2020-02-27,7.0036
2020-02-28,6.9906
2020-03-02,6.9595
2020-03-03,6.9579
2020-03-04,6.9244
2020-03-05,6.9366
2020-03-06,6.9298
2020-03-09,6.9448
2020-03-10,6.9549
2020-03-11,6.9595
2020-03-12,7.0282
2020-03-13,7.0079
2020-03-16,6.9913
2020-03-17,7.003
2020-03-18,7.0459
2020-03-19,7.1058
2020-03-20,7.095
2020-03-23,7.09
2020-03-24,7.061
2020-03-25,7.1099
2020-03-26,7.0709
2020-03-27,7.0942
2020-03-30,7.0986
2020-03-31,7.0808
2020-04-01,7.0989
2020-04-02,7.0857
2020-04-03,7.0908
2020-04-06,7.0895
2020-04-07,7.0448
2020-04-08,7.0649
2020-04-09,7.0428
2020-04-10,7.0341
2020-04-13,7.0501
2020-04-14,7.0479
2020-04-15,7.0664
2020-04-16,7.0778
2020-04-17,7.0711
2020-04-20,7.0721
2020-04-21,7.0914
2020-04-22,7.0831
2020-04-23,7.0654
2020-04-24,7.0813
2020-04-27,7.0848
2020-04-28,7.0776
2020-04-29,7.0755
2020-04-30,7.0622
2020-05-01,7.0622
2020-05-04,7.0622
2020-05-05,7.0622
2020-05-06,7.1031
2020-05-07,7.0825
2020-05-08,7.0732
2020-05-11,7.0972
2020-05-12,7.0816
2020-05-13,7.0911
2020-05-14,7.0935
2020-05-15,7.1013
2020-05-18,7.1086
2020-05-19,7.098
2020-05-20,7.0928
2020-05-21,7.1138
2020-05-22,7.1269
2020-05-25,.
2020-05-26,7.134
2020-05-27,7.1681
2020-05-28,7.1447
2020-05-29,7.1348
2020-06-01,7.1263
2020-06-02,7.0992
2020-06-03,7.1115
2020-06-04,7.1075
2020-06-05,7.0808
2020-06-08,7.07
2020-06-09,7.0765
2020-06-10,7.0599
2020-06-11,7.064
2020-06-12,7.0825
2020-06-15,7.0887
2020-06-16,7.0854
2020-06-17,7.084
2020-06-18,7.0869
2020-06-19,7.0707
2020-06-22,7.0678
2020-06-23,7.0575
2020-06-24,7.077
2020-06-25,7.0768
2020-06-26,7.0768
2020-06-29,7.0794
2020-06-30,7.0651
2020-07-01,7.0703
2020-07-02,7.066
2020-07-03,.
2020-07-06,7.0159
2020-07-07,7.0127
2020-07-08,7.0041
2020-07-09,6.9923
2020-07-10,6.999
2020-07-13,6.9959
2020-07-14,7.006
2020-07-15,6.9885
2020-07-16,6.9881
2020-07-17,6.9912
2020-07-20,6.9829
2020-07-21,6.98
2020-07-22,6.9988
2020-07-23,7.0034
2020-07-24,7.0168
2020-07-27,6.995
2020-07-28,6.9998
2020-07-29,7.0014
2020-07-30,7.008
2020-07-31,6.9744
2020-08-03,6.9799
2020-08-04,6.972
2020-08-05,6.9353
2020-08-06,6.952
2020-08-07,6.967
2020-08-10,6.9611
2020-08-11,6.9451
2020-08-12,6.9363
2020-08-13,6.944
2020-08-14,6.9501
2020-08-17,6.9318
2020-08-18,6.9215
2020-08-19,6.9192
2020-08-20,6.9143
2020-08-21,6.9179
2020-08-24,6.918
2020-08-25,6.9116
2020-08-26,6.8855
2020-08-27,6.8925
2020-08-28,6.8647
2020-08-31,6.8474
2020-09-01,6.8272
2020-09-02,6.8375
2020-09-03,6.8474
2020-09-04,6.8409
2020-09-07,.
2020-09-08,6.8435
2020-09-09,6.8308
2020-09-10,6.8335
2020-09-11,6.833
2020-09-14,6.808
2020-09-15,6.7819
2020-09-16,6.7529
2020-09-17,6.7628
2020-09-18,6.7675
2020-09-21,6.8043
2020-09-22,6.7779
2020-09-23,6.8089
2020-09-24,6.8273
2020-09-25,6.822
2020-09-28,6.8106
2020-09-29,6.815
2020-09-30,6.7896
2020-10-01,6.7898
2020-10-02,6.7898
2020-10-05,6.7896
2020-10-06,6.7896
2020-10-07,6.7896
2020-10-08,6.7896
2020-10-09,6.6933
2020-10-12,.
2020-10-13,6.7452
2020-10-14,6.7136
2020-10-15,6.7233
2020-10-16,6.6962
2020-10-19,6.6803
2020-10-20,6.6754
2020-10-21,6.6503
2020-10-22,6.6821
2020-10-23,6.6861
2020-10-26,6.7119
2020-10-27,6.7044
2020-10-28,6.7279
2020-10-29,6.714
2020-10-30,6.6919
2020-11-02,6.6899
2020-11-03,6.6759
2020-11-04,6.6504
2020-11-05,6.6027
2020-11-06,6.608
2020-11-09,6.628
2020-11-10,6.6146
2020-11-11,.
2020-11-12,6.6114
2020-11-13,6.6039
2020-11-16,6.583
2020-11-17,6.5556
2020-11-18,6.5588
2020-11-19,6.5823
2020-11-20,6.5608
2020-11-23,6.585
2020-11-24,6.59
2020-11-25,6.575
2020-11-26,.
2020-11-27,.
2020-11-30,6.576
2020-12-01,6.5705
2020-12-02,6.5622
2020-12-03,6.5418
2020-12-04,6.5301
2020-12-07,6.5295
2020-12-08,6.5307
2020-12-09,6.541
2020-12-10,6.5419
2020-12-11,6.5445
2020-12-14,6.548
2020-12-15,6.5388
2020-12-16,6.5323
2020-12-17,6.5321
2020-12-18,6.5395
2020-12-21,6.5493
2020-12-22,6.5426
2020-12-23,6.54
2020-12-24,.
2020-12-25,.
2020-12-28,6.5346
2020-12-29,6.53
2020-12-30,6.5208
2020-12-31,6.525
2021-01-01,.
2021-01-04,6.4601
2021-01-05,6.455
2021-01-06,6.4617
2021-01-07,6.476
2021-01-08,6.475
2021-01-11,6.4795
2021-01-12,6.461
2021-01-13,6.4677
2021-01-14,6.4736
2021-01-15,6.48
2021-01-18,.
2021-01-19,6.4777
2021-01-20,.
2021-01-21,6.4595
2021-01-22,6.481
2021-01-25,6.4784
2021-01-26,6.4635
2021-01-27,6.4822
2021-01-28,6.4491
2021-01-29,6.4282
2021-02-01,6.4669
2021-02-02,6.457
2021-02-03,6.4614
2021-02-04,6.4715
2021-02-05,6.4664
2021-02-08,6.4475
2021-02-09,6.4344
2021-02-10,6.4576
2021-02-11,6.4567
2021-02-12,6.4567
2021-02-15,.
2021-02-16,6.4567
2021-02-17,6.4567
2021-02-18,6.4869
2021-02-19,6.4555
2021-02-22,6.4625
2021-02-23,6.464
2021-02-24,6.4556
2021-02-25,6.4541
2021-02-26,6.473
2021-03-01,6.4648
2021-03-02,6.4702
2021-03-03,6.4675
2021-03-04,6.4694
2021-03-05,6.496
2021-03-08,6.525
2021-03-09,6.505
2021-03-10,6.505
2021-03-11,6.4932
2021-03-12,6.5081
2021-03-15,6.4996
2021-03-16,6.5052
2021-03-17,6.503
2021-03-18,6.5054
2021-03-19,6.507
2021-03-22,6.507
2021-03-23,6.516
2021-03-24,6.523
2021-03-25,6.5452
2021-03-26,6.5412
2021-03-29,6.5696
2021-03-30,6.5716
2021-03-31,6.5518
2021-04-01,6.5645
2021-04-02,6.5646
2021-04-05,6.5649
2021-04-06,6.537
2021-04-07,6.5415
2021-04-08,6.5505
2021-04-09,6.5522
2021-04-12,6.5475
2021-04-13,6.5431
2021-04-14,6.5292
2021-04-15,6.522
2021-04-16,6.5203
2021-04-19,6.5085
2021-04-20,6.4981
2021-04-21,6.4903
2021-04-22,6.491
2021-04-23,6.4945
2021-04-26,6.4844
2021-04-27,6.483
2021-04-28,6.4771
2021-04-29,6.471
2021-04-30,6.4749
2021-05-03,6.4749
2021-05-04,6.4749
2021-05-05,6.4749
2021-05-06,6.4635
2021-05-07,6.431
2021-05-10,6.4156
2021-05-11,6.4285
2021-05-12,6.4566
2021-05-13,6.4506
2021-05-14,6.4367
2021-05-17,6.4388
2021-05-18,6.425
2021-05-19,6.4342
2021-05-20,6.4339
2021-05-21,6.4339
2021-05-24,6.4177
2021-05-25,6.41
2021-05-26,6.3905
2021-05-27,6.3824
2021-05-28,6.3674
2021-05-31,.
2021-06-01,6.3796
2021-06-02,6.3805
2021-06-03,6.4036
2021-06-04,6.3945
2021-06-07,6.3963
2021-06-08,6.4
2021-06-09,6.3865
2021-06-10,6.3929
2021-06-11,6.3967
2021-06-14,6.3979
2021-06-15,6.4052
2021-06-16,6.3969
2021-06-17,6.4477
2021-06-18,6.4525
2021-06-21,6.4659
2021-06-22,6.4811
2021-06-23,6.4727
2021-06-24,6.4701
2021-06-25,6.4545
2021-06-28,6.4555
2021-06-29,6.4635
2021-06-30,6.4566
2021-07-01,6.4679
2021-07-02,6.4721
2021-07-05,.
2021-07-06,6.4786
2021-07-07,6.4718
2021-07-08,6.4898
2021-07-09,6.4788
2021-07-12,6.4751
2021-07-13,6.4685
2021-07-14,6.4688
2021-07-15,6.46
2021-07-16,6.4785
2021-07-19,6.4893
2021-07-20,6.4845
2021-07-21,6.4664
2021-07-22,6.47
2021-07-23,6.4808
2021-07-26,6.4825
2021-07-27,6.5104
2021-07-28,6.4905
2021-07-29,6.4562
2021-07-30,6.4609
2021-08-02,6.462
2021-08-03,6.47
2021-08-04,6.4655
2021-08-05,6.4608
2021-08-06,6.4825
2021-08-09,6.4857
2021-08-10,6.4852
2021-08-11,6.4783
2021-08-12,6.4782
2021-08-13,6.4768
2021-08-16,6.4742
2021-08-17,6.4854
2021-08-18,6.4841
2021-08-19,6.4942
2021-08-20,6.5012
2021-08-23,6.4805
2021-08-24,6.471
2021-08-25,6.4756
2021-08-26,6.4809
2021-08-27,6.4711
2021-08-30,6.4658
2021-08-31,6.4604
2021-09-01,6.4586
2021-09-02,6.456
2021-09-03,6.4528
2021-09-06,.
2021-09-07,6.4662
2021-09-08,6.4612
2021-09-09,6.4547
2021-09-10,6.444
2021-09-13,6.4511
2021-09-14,6.4382
2021-09-15,6.432
2021-09-16,6.4566
2021-09-17,6.4655
2021-09-20,6.4651
2021-09-21,6.4651
2021-09-22,6.4611
2021-09-23,6.459
2021-09-24,6.466
2021-09-27,6.456
2021-09-28,6.4595
2021-09-29,6.4702
2021-09-30,6.4434
2021-10-01,6.4434
2021-10-04,6.4434
2021-10-05,6.4434
2021-10-06,6.4434
2021-10-07,6.4434
2021-10-08,6.4435
2021-10-11,.
2021-10-12,6.4485
2021-10-13,6.4262
2021-10-14,6.438
2021-10-15,6.434
2021-10-18,6.429
2021-10-19,6.3822
2021-10-20,6.3936
2021-10-21,6.3925
2021-10-22,6.3839
2021-10-25,6.3856
2021-10-26,6.382
2021-10-27,6.3915
2021-10-28,6.3917
2021-10-29,6.405
2021-11-01,6.3972
2021-11-02,6.3995
2021-11-03,6.4061
2021-11-04,6.397
2021-11-05,6.3961
2021-11-08,6.3902
2021-11-09,6.3916
2021-11-10,6.3882
2021-11-11,.
2021-11-12,6.3787
2021-11-15,6.3824
2021-11-16,6.3919
2021-11-17,6.3775
2021-11-18,6.3851
2021-11-19,6.3863
2021-11-22,6.3842
2021-11-23,6.391
2021-11-24,6.3917
2021-11-25,.
2021-11-26,6.3924
2021-11-29,6.3875
2021-11-30,6.364
2021-12-01,6.3641
2021-12-02,6.3763
2021-12-03,6.3758
2021-12-06,6.3756
2021-12-07,6.3657
2021-12-08,6.3435
2021-12-09,6.3772
2021-12-10,6.3685
2021-12-13,6.3659
2021-12-14,6.3671
2021-12-15,6.3673
2021-12-16,6.3674
2021-12-17,6.3748
2021-12-20,6.3756
2021-12-21,6.3716
2021-12-22,6.3695
2021-12-23,6.3696
2021-12-24,.
2021-12-27,6.3705
2021-12-28,6.3684
2021-12-29,6.368
2021-12-30,6.3726
2021-12-31,.
2022-01-03,6.355
2022-01-04,6.3721
2022-01-05,6.364
2022-01-06,6.3822
2022-01-07,6.3769
2022-01-10,6.3756
2022-01-11,6.3735
2022-01-12,6.358
2022-01-13,6.3595
2022-01-14,6.3524
2022-01-17,.
2022-01-18,6.3525
2022-01-19,6.3447
2022-01-20,6.3406
2022-01-21,6.3385
2022-01-24,6.3304
2022-01-25,6.3257
2022-01-26,6.3206
2022-01-27,6.3677
2022-01-28,6.3605
2022-01-31,6.361
2022-02-01,6.361
2022-02-02,6.361
2022-02-03,6.361
2022-02-04,6.361
2022-02-07,6.361
2022-02-08,6.366
2022-02-09,6.3619
2022-02-10,6.3526
2022-02-11,6.354
2022-02-14,6.3567
2022-02-15,6.3385
2022-02-16,6.3366
2022-02-17,6.3381
2022-02-18,6.3251
2022-02-21,.
2022-02-22,6.326
2022-02-23,6.3134
2022-02-24,6.3283
2022-02-25,6.3169
2022-02-28,6.3084
2022-03-01,6.3116
2022-03-02,6.321
2022-03-03,6.3195
2022-03-04,6.3188
2022-03-07,6.3194
2022-03-08,6.3178
2022-03-09,6.3174
2022-03-10,6.3212
2022-03-11,6.3389
2022-03-14,6.3645
2022-03-15,6.3696
2022-03-16,6.351
2022-03-17,6.3459
2022-03-18,6.3609
2022-03-21,6.3552
2022-03-22,6.366
2022-03-23,6.372
2022-03-24,6.367
2022-03-25,6.3658
2022-03-28,6.3714
2022-03-29,6.3635
2022-03-30,6.347
2022-03-31,6.3393
2022-04-01,6.3625
2022-04-04,6.3619
2022-04-05,6.3619
2022-04-06,6.359
2022-04-07,6.36
2022-04-08,6.3643
2022-04-11,6.3692
2022-04-12,6.3651
2022-04-13,6.3678
2022-04-14,6.3775
2022-04-15,6.3705
2022-04-18,6.363
2022-04-19,6.393
2022-04-20,6.4188
2022-04-21,6.45
2022-04-22,6.501
2022-04-25,6.5585
2022-04-26,6.5552
2022-04-27,6.5595
2022-04-28,6.6243
2022-04-29,6.608
2022-05-02,6.6079
2022-05-03,6.6079
2022-05-04,6.6079
2022-05-05,6.6535
2022-05-06,6.6651
2022-05-09,6.7295
2022-05-10,6.7343
2022-05-11,6.7186
2022-05-12,6.786
2022-05-13,6.788
2022-05-16,6.7852
2022-05-17,6.7361
2022-05-18,6.754
2022-05-19,6.7109
2022-05-20,6.6921
2022-05-23,6.649
2022-05-24,6.653
2022-05-25,6.6916
2022-05-26,6.738
2022-05-27,6.698
2022-05-30,.
2022-05-31,6.6715
2022-06-01,6.6858
2022-06-02,6.6596
2022-06-03,6.6595
2022-06-06,6.6534
2022-06-07,6.6675
2022-06-08,6.6825
2022-06-09,6.6915
2022-06-10,6.7081
2022-06-13,6.753
2022-06-14,6.7395
2022-06-15,6.7128
2022-06-16,6.703
2022-06-17,6.716
2022-06-20,.
2022-06-21,6.688
2022-06-22,6.6983
2022-06-23,6.698
2022-06-24,6.6878
2022-06-27,6.6899
2022-06-28,6.707
2022-06-29,6.6997
2022-06-30,6.6981
2022-07-01,6.7
2022-07-04,.
2022-07-05,6.7192
2022-07-06,6.707
2022-07-07,6.7005
2022-07-08,6.6945
2022-07-11,6.7175
2022-07-12,6.7234
2022-07-13,6.7175
2022-07-14,6.7542
2022-07-15,6.7565
2022-07-18,6.742
2022-07-19,6.743
2022-07-20,6.754
2022-07-21,6.7655
2022-07-22,6.75
2022-07-25,6.7499
2022-07-26,6.7616
2022-07-27,6.757
2022-07-28,6.7465
2022-07-29,6.7433
2022-08-01,6.7674
2022-08-02,6.7499
2022-08-03,6.7565
2022-08-04,6.7485
2022-08-05,6.7607
2022-08-08,6.7505
2022-08-09,6.7525
2022-08-10,6.723
2022-08-11,6.7445
2022-08-12,6.7425
2022-08-15,6.7715
2022-08-16,6.7875
2022-08-17,6.7805
2022-08-18,6.7855
2022-08-19,6.8164
2022-08-22,6.8476
2022-08-23,6.8476
2022-08-24,6.8581
2022-08-25,6.8477
2022-08-26,6.8715
2022-08-29,6.9067
2022-08-30,6.91
2022-08-31,6.889
2022-09-01,6.9066
2022-09-02,6.8985
2022-09-05,.
2022-09-06,6.9532
2022-09-07,6.965
2022-09-08,6.9562
2022-09-09,6.924
2022-09-12,6.9265
2022-09-13,6.9245
2022-09-14,6.9612
2022-09-15,6.9934
2022-09-16,6.9799
2022-09-19,7.005
2022-09-20,7.0176
2022-09-21,7.0479
2022-09-22,7.0772
2022-09-23,7.1266
2022-09-26,7.1384
2022-09-27,7.176
2022-09-28,7.199
2022-09-29,7.1196
2022-09-30,7.1135
2022-10-03,7.1103
2022-10-04,7.1103
2022-10-05,7.1103
2022-10-06,7.1103
2022-10-07,7.1103
2022-10-10,.
2022-10-11,7.1639
2022-10-12,7.172
2022-10-13,7.17
2022-10-14,7.1895
2022-10-17,7.1946
2022-10-18,7.2001
2022-10-19,7.228
2022-10-20,7.2129
2022-10-21,7.2399
2022-10-24,7.2629
2022-10-25,7.2688
2022-10-26,7.171
2022-10-27,7.2239
2022-10-28,7.2499
2022-10-31,7.3048
2022-11-01,7.273
2022-11-02,7.289
2022-11-03,7.3
2022-11-04,7.2996
2022-11-07,7.2266
2022-11-08,7.2485
2022-11-09,7.2401
2022-11-10,7.184
2022-11-11,.
2022-11-14,7.071
2022-11-15,7.044
2022-11-16,7.0964
2022-11-17,7.1551
2022-11-18,7.1192
2022-11-21,7.164
2022-11-22,7.1388
2022-11-23,7.158
2022-11-24,.
2022-11-25,7.1642
2022-11-28,7.2074
2022-11-29,7.1568
2022-11-30,7.0879
2022-12-01,7.0424
2022-12-02,7.019
2022-12-05,6.961
2022-12-06,6.9935
2022-12-07,6.9702
2022-12-08,6.9649
2022-12-09,6.9559
2022-12-12,6.9773
2022-12-13,6.943
2022-12-14,6.9498
2022-12-15,6.9716
2022-12-16,6.9708
2022-12-19,6.9772
2022-12-20,6.96
2022-12-21,6.981
2022-12-22,6.9829
2022-12-23,6.988
2022-12-26,.
2022-12-27,6.96
2022-12-28,6.9774
2022-12-29,6.9625
2022-12-30,6.8972
2023-01-02,.
2023-01-03,6.9135
2023-01-04,6.8875
2023-01-05,6.88
2023-01-06,6.837
2023-01-09,6.77
2023-01-10,6.777
2023-01-11,6.77
2023-01-12,6.7365
2023-01-13,6.701
2023-01-16,.
2023-01-17,6.7723
2023-01-18,6.7534
2023-01-19,6.7738
2023-01-20,6.7825
2023-01-23,6.7899
2023-01-24,6.7899
2023-01-25,6.7899
2023-01-26,6.7899
2023-01-27,6.7899
2023-01-30,6.7501
2023-01-31,6.754
2023-02-01,6.7406
2023-02-02,6.7266
2023-02-03,6.7733
2023-02-06,6.7918
2023-02-07,6.791
2023-02-08,6.789
2023-02-09,6.7782
2023-02-10,6.8106
2023-02-13,6.8198
2023-02-14,6.8255
2023-02-15,6.851
2023-02-16,6.859
2023-02-17,6.8661
2023-02-20,.
2023-02-21,6.87
2023-02-22,6.8908
2023-02-23,6.9075
2023-02-24,6.9545
2023-02-27,6.945
2023-02-28,6.9325
2023-03-01,6.8656
2023-03-02,6.9122
2023-03-03,6.9048
2023-03-06,6.9295
2023-03-07,6.9605
2023-03-08,6.9496
2023-03-09,6.963
2023-03-10,6.9025
2023-03-13,6.8455
2023-03-14,6.868
2023-03-15,6.9005
2023-03-16,6.8965
2023-03-17,6.887
2023-03-20,6.877
2023-03-21,6.883
2023-03-22,6.8802
2023-03-23,6.8188
2023-03-24,6.8675
2023-03-27,6.8834
2023-03-28,6.8725
2023-03-29,6.8862
2023-03-30,6.87
2023-03-31,6.8676
2023-04-03,6.8776
2023-04-04,6.878
2023-04-05,6.8781
2023-04-06,6.875
2023-04-07,6.875
2023-04-10,6.8807
2023-04-11,6.8866
2023-04-12,6.873
2023-04-13,6.8677
2023-04-14,6.869
2023-04-17,6.8786
2023-04-18,6.8755
2023-04-19,6.8851
2023-04-20,6.8725
2023-04-21,6.892
2023-04-24,6.8958
2023-04-25,6.932
2023-04-26,6.9261
2023-04-27,6.922
2023-04-28,6.911
2023-05-01,6.9164
2023-05-02,6.9164
2023-05-03,6.9164
2023-05-04,6.9094
2023-05-05,6.9101
2023-05-08,6.9125
2023-05-09,6.9201
2023-05-10,6.9321
2023-05-11,6.948
2023-05-12,6.9575
2023-05-15,6.952
2023-05-16,6.9751
2023-05-17,6.9981
2023-05-18,7.0355
2023-05-19,7.006
2023-05-22,7.0351
2023-05-23,7.049
2023-05-24,7.0585
2023-05-25,7.0775
2023-05-26,7.063
2023-05-29,.
2023-05-30,7.0792
2023-05-31,7.11
2023-06-01,7.0934
2023-06-02,7.0827
2023-06-05,7.105
2023-06-06,7.119
2023-06-07,7.1287
2023-06-08,7.1109
2023-06-09,7.1273
2023-06-12,7.1437
2023-06-13,7.1585
2023-06-14,7.148
2023-06-15,7.13
2023-06-16,7.125
2023-06-19,.
2023-06-20,7.1811
2023-06-21,7.1779
2023-06-22,7.1777
2023-06-23,7.1777
2023-06-26,7.2364
2023-06-27,7.2193
2023-06-28,7.2436
2023-06-29,7.2515
2023-06-30,7.2513
2023-07-03,7.24
2023-07-04,.
2023-07-05,7.2465
2023-07-06,7.25
2023-07-07,7.2205
2023-07-10,7.2315
2023-07-11,7.209
2023-07-12,7.1656
2023-07-13,7.15
2023-07-14,7.1403
2023-07-17,7.1711
2023-07-18,7.1786
2023-07-19,7.226
2023-07-20,7.1761
2023-07-21,7.1861
2023-07-24,7.1855
2023-07-25,7.134
2023-07-26,7.1503
2023-07-27,7.173
2023-07-28,7.1488
2023-07-31,7.1426
2023-08-01,7.1775
2023-08-02,7.192
2023-08-03,7.1651
2023-08-04,7.1709
2023-08-07,7.1895
2023-08-08,7.216
2023-08-09,7.2085
2023-08-10,7.2165
2023-08-11,7.2367
2023-08-14,7.2585
2023-08-15,7.2817
2023-08-16,7.2985
2023-08-17,7.291
2023-08-18,7.28
2023-08-21,7.2865
2023-08-22,7.293
2023-08-23,7.2771
2023-08-24,7.2786
2023-08-25,7.289
2023-08-28,7.29
2023-08-29,7.2796
2023-08-30,7.2839
2023-08-31,7.2582
2023-09-01,7.2606
2023-09-04,.
2023-09-05,7.3018
2023-09-06,7.316
2023-09-07,7.3287
2023-09-08,7.343
2023-09-11,7.2882
2023-09-12,7.2911
2023-09-13,7.27
2023-09-14,7.277
2023-09-15,7.2744
2023-09-18,7.2915
2023-09-19,7.2964
2023-09-20,7.287
2023-09-21,7.3066
2023-09-22,7.298
2023-09-25,7.311
2023-09-26,7.31
2023-09-27,7.3105
2023-09-28,7.301
2023-09-29,7.296
2023-10-02,7.296
2023-10-03,7.296
2023-10-04,7.296
2023-10-05,7.296
2023-10-06,7.296
2023-10-09,.
2023-10-10,7.2948
2023-10-11,7.2992
2023-10-12,7.3019
2023-10-13,7.3049
2023-10-16,7.3105
2023-10-17,7.3105
2023-10-18,7.3161
2023-10-19,7.3126
2023-10-20,7.3155
2023-10-23,7.3158
2023-10-24,7.309
2023-10-25,7.3165
2023-10-26,7.315
2023-10-27,7.3171
2023-10-30,7.3133
2023-10-31,7.3166
2023-11-01,7.3175
2023-11-02,7.316
2023-11-03,7.3005
2023-11-06,7.2695
2023-11-07,7.2788
2023-11-08,7.28
2023-11-09,7.2835
2023-11-10,.
2023-11-13,7.289
2023-11-14,7.253
2023-11-15,7.2466
2023-11-16,7.2416
2023-11-17,7.212
2023-11-20,7.168
2023-11-21,7.1352
2023-11-22,7.155
2023-11-23,.
2023-11-24,7.1488
2023-11-27,7.1528
2023-11-28,7.138
2023-11-29,7.13
2023-11-30,7.136
2023-12-01,7.1386
2023-12-04,7.1424
2023-12-05,7.1444
2023-12-06,7.158
2023-12-07,7.1515
2023-12-08,7.1645
2023-12-11,7.1765
2023-12-12,7.1755
2023-12-13,7.1725
2023-12-14,7.1088
2023-12-15,7.1179
2023-12-18,7.1297
2023-12-19,7.1287
2023-12-20,7.1355
2023-12-21,7.1381
2023-12-22,7.1315
2023-12-25,.
2023-12-26,7.1432
2023-12-27,7.1405
2023-12-28,7.1065
2023-12-29,7.0999
2024-01-01,.
2024-01-02,7.1426
2024-01-03,7.1497
2024-01-04,7.1589
2024-01-05,7.145
2024-01-08,7.154
2024-01-09,7.1675
2024-01-10,7.1711
2024-01-11,7.167
2024-01-12,7.1665
2024-01-15,.
2024-01-16,7.1874
2024-01-17,7.196
2024-01-18,7.1961
2024-01-19,7.1931
2024-01-22,7.192
2024-01-23,7.172
2024-01-24,7.158
2024-01-25,7.169
2024-01-26,7.1763
2024-01-29,7.1798
2024-01-30,7.1755
2024-01-31,7.1673
2024-02-01,7.1799
2024-02-02,7.192
2024-02-05,7.1982
2024-02-06,7.1908
2024-02-07,7.1943
2024-02-08,7.1965
2024-02-09,7.1929
2024-02-12,7.1928
2024-02-13,7.1928
2024-02-14,7.1928
2024-02-15,7.1928
2024-02-16,7.1928
2024-02-19,.
2024-02-20,7.1905
2024-02-21,7.1891
2024-02-22,7.1944
2024-02-23,7.197
2024-02-26,7.1972
2024-02-27,7.1977
2024-02-28,7.1976
2024-02-29,7.1977
2024-03-01,7.196
2024-03-04,7.1987
2024-03-05,7.1965
2024-03-06,7.1977
2024-03-07,7.1925
2024-03-08,7.1855
2024-03-11,7.182
2024-03-12,7.1804
2024-03-13,7.1875
2024-03-14,7.1932
2024-03-15,7.1953
2024-03-18,7.1981
2024-03-19,7.1991
2024-03-20,7.1992
2024-03-21,7.1993
2024-03-22,7.2289
2024-03-25,7.2102
2024-03-26,7.2176
2024-03-27,7.227
2024-03-28,7.2262
2024-03-29,7.2203
2024-04-01,7.2308
2024-04-02,7.232
2024-04-03,7.233
2024-04-04,7.2339
2024-04-05,7.2339
2024-04-08,7.2305
2024-04-09,7.2316
2024-04-10,7.2341
2024-04-11,7.2373
2024-04-12,7.2374
2024-04-15,7.2382
2024-04-16,7.2383
2024-04-17,7.2389
2024-04-18,7.2382
2024-04-19,7.2403
2024-04-22,7.2403
2024-04-23,7.2445
2024-04-24,7.246
2024-04-25,7.246
2024-04-26,7.2464
2024-04-29,7.2318
2024-04-30,7.2401
2024-05-01,7.2405
2024-05-02,7.2405
2024-05-03,7.2405
2024-05-06,7.2071
2024-05-07,7.2185
2024-05-08,7.2185
2024-05-09,7.2198
2024-05-10,7.226
2024-05-13,7.2325
2024-05-14,7.2335
2024-05-15,7.219
2024-05-16,7.2181
2024-05-17,7.2233
2024-05-20,7.2344
2024-05-21,7.2376
2024-05-22,7.2405
2024-05-23,7.2421
2024-05-24,7.2425
2024-05-27,.
2024-05-28,7.2451
2024-05-29,7.2494
2024-05-30,7.2493
2024-05-31,7.241
2024-06-03,7.242
2024-06-04,7.2393
2024-06-05,7.2475
2024-06-06,7.2451
2024-06-07,7.2466
2024-06-10,7.2475
2024-06-11,7.2544
2024-06-12,7.2544
2024-06-13,7.2519
2024-06-14,7.2557
2024-06-17,7.2561
2024-06-18,7.2543
2024-06-19,.
2024-06-20,7.2604
2024-06-21,7.2609
2024-06-24,7.2586
2024-06-25,7.2629
2024-06-26,7.2666
2024-06-27,7.2688
2024-06-28,7.2672
2024-07-01,7.2683
2024-07-02,7.2712
2024-07-03,7.2699
2024-07-04,.
2024-07-05,7.268
2024-07-08,7.2683
2024-07-09,7.2725
2024-07-10,7.2758
2024-07-11,7.2573
2024-07-12,7.2495
2024-07-15,7.2592
2024-07-16,7.2685
2024-07-17,7.2607
2024-07-18,7.26
2024-07-19,7.2695
2024-07-22,7.2736
2024-07-23,7.2748
2024-07-24,7.2622
2024-07-25,7.231
2024-07-26,7.2502
2024-07-29,7.2597
2024-07-30,7.2511
2024-07-31,7.2193
2024-08-01,7.2441
2024-08-02,7.16
2024-08-05,7.13
2024-08-06,7.1563
2024-08-07,7.176
2024-08-08,7.1747
2024-08-09,7.166
2024-08-12,7.1744
2024-08-13,7.1558
2024-08-14,7.1382
2024-08-15,7.1734
2024-08-16,7.1644
2024-08-19,7.1393
2024-08-20,7.132
2024-08-21,7.1344
2024-08-22,7.144
2024-08-23,7.1244
2024-08-26,7.1212
2024-08-27,7.1244
2024-08-28,7.1245
2024-08-29,7.0972
2024-08-30,7.09
2024-09-02,.
2024-09-03,7.1209
2024-09-04,7.1119
2024-09-05,7.0921
2024-09-06,7.0876
2024-09-09,7.1133
2024-09-10,7.1205
2024-09-11,7.1192
2024-09-12,7.1173
2024-09-13,7.093
